{
    "RepetitionTime": 2,
    "TaskName": "CRF",
    "SliceTiming": [0,0.06666666666666667,0.1333333333333333,0.2,0.2666666666666667,0.3333333333333333,0.4,0.4666666666666667,0.5333333333333333,0.6,0.6666666666666666,0.7333333333333333,0.8,0.8666666666666667,0.9333333333333334,1,1.066666666666667,1.133333333333333,1.2,1.266666666666667,1.333333333333334,1.4,1.466666666666667,1.533333333333333,1.6,1.666666666666667,1.733333333333333,1.8,1.866666666666667,1.933333333333333]
}